{"cameraMode":{"drawMode":0,"name":"Shaded","section":"Shading Mode"},"sceneLighting":true,"audioPlay":false,"sceneViewState":{"showFog":true,"showMaterialUpdate":true,"showSkybox":true,"showFlares":true,"showImageEffects":true,"showParticleSystems":true},"in2DMode":false,"pivot":{"x":-2.987804651260376,"y":-0.5019956231117249,"z":-10.01492977142334},"rotation":{"x":-0.06637895852327347,"y":0.7510836124420166,"z":-0.07642124593257904,"w":-0.6524041891098023},"size":7.097034454345703,"orthographic":false}